CdStationMesureEauxSurface;LbStationMesureEauxSurface;DurStationMesureEauxSurface;CoordXStationMesureEauxSurface;CoordYStationMesureEauxSurface;CdProjStationMesureEauxSurface;LibelleProjection;CodeCommune;LbCommune;CodeDepartement;LbDepartement;CodeRegion;LbRegion;CdMasseDEau;CdEuMasseDEau;NomMasseDEau;CdEuSsBassinDCEAdmin;NomSsBassinDCEAdmin;CdBassinDCE;CdEuBassinDCE;NomEuBassinDCE;CdTronconHydrographique;CdCoursdEau;NomCoursdEau;CodeTypEthStationMesureEauxSurface;LibelleTypEthStationMesureEauxSurface;ComStationMesureEauxSurface;DateCreationStationMesureEauxSurface;DateArretActiviteStationMesureEauxSurface;DateMAJInfosStationMesureEauxSurface;FinaliteStationMesureEauxSurface;LocPreciseStationMesureEauxSurface;CodeNatureStationMesureEauxSurface;LibelleNatureStationMesureEauxSurface;AltitudePointCaracteritisque;PkPointTronconEntiteHydroPrincipale;PremierMoisAnneeEtiage;SuperficieBassinVersantReel;SuperficieBassinVersantTopo
02001000;L'AUGRABEN À BARTENHEIM;;1038791;6736177;26;RGF93 / Lambert 93;68021;Bartenheim;68;Haut-Rhin;44;Grand Est;CR26;;;;;;;;A0230200;A02-0200;;2;Station qualité située sur un cours d'eau;Station sélectionnée dans le sous-réseau "RCS pesticides 25%";1971-01-01;;2023-04-04;;L'AUGRABEN À BARTENHEIM;0;Nature de la station inconnue;243;;;;13
02001006;L'ALTE-BACH À BLOTZHEIM (LEHMATTEN);;1036416;6731367;26;RGF93 / Lambert 93;68042;Blotzheim;68;Haut-Rhin;44;Grand Est;CR28;;;;;;;;A0240300;A0240300;;2;Station qualité située sur un cours d'eau;Risque d'assec estival (juillet-août ?);2004-01-01;2027-12-31;2023-09-25;;L'ALTE-BACH À BLOTZHEIM (LEHMATTEN);0;Nature de la station inconnue;281;;;;
02001016;LE SAURENTZ À WALTENHEIM;;1032286;6737746;26;RGF93 / Lambert 93;68357;Waltenheim;68;Haut-Rhin;44;Grand Est;CR29;;;;;;;;A0250300;A0250300;;2;Station qualité située sur un cours d'eau;;2001-05-01;;2022-04-28;;LE SAURENTZ À WALTENHEIM;0;Nature de la station inconnue;274;;;;
02001025;LE RIEDGRABEN À LANDSER;;1028974;6740387;26;RGF93 / Lambert 93;68174;Landser;68;Haut-Rhin;44;Grand Est;CR30;;;;;;;;A0260340;A0260340;;2;Station qualité située sur un cours d'eau;;2001-05-01;;2023-03-14;;LE RIEDGRABEN À LANDSER;0;Nature de la station inconnue;257;;;;
02001030;LE WEIHERBACHGRABEN À DIETWILLER;;1030170;6741973;26;RGF93 / Lambert 93;68072;Dietwiller;68;Haut-Rhin;44;Grand Est;CR30;;;;;;;;A0260300;A0260300;;2;Station qualité située sur un cours d'eau;;1990-12-01;;2021-05-05;;LE WEIHERBACHGRABEN À DIETWILLER;0;Nature de la station inconnue;249;;;;
02001458;LE MUHLBACH DE DAUBENSAND À OBENHEIM;;1048836;6816595;26;RGF93 / Lambert 93;67338;Obenheim;67;Bas-Rhin;44;Grand Est;CR34;;;;;;;;A0520300;A0520300;;2;Station qualité située sur un cours d'eau;;2017-01-01;2026-12-31;2021-11-18;;LE MUHLBACH DE DAUBENSAND À OBENHEIM;0;Nature de la station inconnue;0;;;;
02001500;LA LACHTER À BOOFZHEIM;;1046252;6813302;26;RGF93 / Lambert 93;67055;Boofzheim;67;Bas-Rhin;44;Grand Est;CR35;;;;;;;;A0530310;A0530310;;2;Station qualité située sur un cours d'eau;;1991-01-01;;2023-03-14;;LA LACHTER À BOOFZHEIM;0;Nature de la station inconnue;160;;;;
02001725;L'ISCHERT À SUNDHOUSE;;1044874;6806422;26;RGF93 / Lambert 93;67486;Sundhouse;67;Bas-Rhin;44;Grand Est;CR33;;;;;;;;A0430300;A0430300;;2;Station qualité située sur un cours d'eau;;1997-01-01;;2023-09-25;;L'ISCHERT À SUNDHOUSE;0;Nature de la station inconnue;164;;;;52.5
02001738;LE MÜHLBACH DE GERSTHEIM (= LACHTER) À GERSTHEIM;;1048066;6818543;26;RGF93 / Lambert 93;67154;Gerstheim;67;Bas-Rhin;44;Grand Est;CR35;;;;;;;;A0530310;A0530310;;2;Station qualité située sur un cours d'eau;Risque d'assec estival (juillet-août);2011-01-01;;2023-09-25;;LE MÜHLBACH DE GERSTHEIM (= LACHTER) À GERSTHEIM;0;Nature de la station inconnue;154;;;;
02001750;L'ILL À OLTINGUE;;1030620;6718952;26;RGF93 / Lambert 93;68248;Oltingue;68;Haut-Rhin;44;Grand Est;CR16;;;;;;;;A1000030;A---0030;;2;Station qualité située sur un cours d'eau;;1991-01-01;;2022-04-05;;L'ILL À OLTINGUE;0;Nature de la station inconnue;403;;;;36.01
02001945;LE HIRTZBACH À HIRSINGUE;;1017309;6727900;26;RGF93 / Lambert 93;68138;Hirsingue;68;Haut-Rhin;44;Grand Est;CR41;;;;;;;;A1040370;A1040370;;2;Station qualité située sur un cours d'eau;;2008-01-01;2026-12-31;2023-01-16;;LE HIRTZBACH À HIRSINGUE;0;Nature de la station inconnue;353;;;;
02001990;LE DORFBAECHLE À CARSPACH (HOEFFELMATT);;1013460;6731474;26;RGF93 / Lambert 93;68062;Carspach;68;Haut-Rhin;44;Grand Est;CR42;;;;;;;;A1040530;A1040530;;2;Station qualité située sur un cours d'eau;;2008-01-01;2020-12-31;2020-03-03;;LE DORFBAECHLE À CARSPACH (HOEFFELMATT);0;Nature de la station inconnue;326;;;;
02002000;L'ILL À CARSPACH;;1016715;6732366;26;RGF93 / Lambert 93;68062;Carspach;68;Haut-Rhin;44;Grand Est;CR17;;;;;;;;A1050030;A---0030;;2;Station qualité située sur un cours d'eau;;1971-01-01;;2022-08-03;;L'ILL À CARSPACH;0;Nature de la station inconnue;293;;;;221.96
02002800;LE ZIPFELGRABEN À ASPACH;;1017944;6734680;26;RGF93 / Lambert 93;68010;Aspach;68;Haut-Rhin;44;Grand Est;CR43;;;;;;;;A1050320;A1050320;;2;Station qualité située sur un cours d'eau;;2009-01-01;;2022-04-05;;LE ZIPFELGRABEN À ASPACH;0;Nature de la station inconnue;295;;;;
02003100;LE THALBACH À WITTERSDORF;;1020958;6733349;26;RGF93 / Lambert 93;68377;Wittersdorf;68;Haut-Rhin;44;Grand Est;CR36;;;;;;;;A1070200;A10-0200;;2;Station qualité située sur un cours d'eau;;1992-01-01;;2022-04-07;;LE THALBACH À WITTERSDORF;0;Nature de la station inconnue;284;;;;69.29
02003200;L'ILL À TAGOLSHEIM;;1020106;6736885;26;RGF93 / Lambert 93;68332;Tagolsheim;68;Haut-Rhin;44;Grand Est;CR17;;;;;;;;A1080030;A---0030;;2;Station qualité située sur un cours d'eau;;1987-01-01;;2023-06-28;;L'ILL À TAGOLSHEIM;0;Nature de la station inconnue;268;;;;323.54
02003350;LA LARGUE À SEPPOIS-LE-BAS;;1013936;6723763;26;RGF93 / Lambert 93;68305;Seppois-le-Bas;68;Haut-Rhin;44;Grand Est;CR704;;;;;;;;A1110200;A11-0200;;2;Station qualité située sur un cours d'eau;Station anciennement classée TP18 mais reclassée en TP5: le diagnostic d'état I2M2 était extrêmement clément en TP18 (peu de références pour fournir une limite fiable du BE) et semble plus pertinent avec un classement TP5 (plus sévère)\; NB: la MESUP FRCR704 LARGUE 1 était et reste classée TP5;1985-01-01;;2023-03-14;;LA LARGUE À SEPPOIS-LE-BAS;0;Nature de la station inconnue;371;;;;68.19
02003397;LE RUISSEAU DE LARGITZEN À FRIESEN;;1012918;6726008;26;RGF93 / Lambert 93;68098;Friesen;68;Haut-Rhin;44;Grand Est;CR703;;;;;;;;A1110410;A1110410;;2;Station qualité située sur un cours d'eau;;2017-01-01;2026-12-31;2022-09-22;;LE RUISSEAU DE LARGITZEN À FRIESEN;0;Nature de la station inconnue;0;;;;
02003400;LA LARGUE À FRIESEN;;1012059;6726660;26;RGF93 / Lambert 93;68098;Friesen;68;Haut-Rhin;44;Grand Est;CR705;;;;;;;;A1120200;A11-0200;;2;Station qualité située sur un cours d'eau;;1976-01-01;;2022-04-04;;LA LARGUE À FRIESEN;0;Nature de la station inconnue;350;;;;98.7
02003610;L'ELBAECHEL À WOLFERSDORF;;1008525;6734338;26;RGF93 / Lambert 93;68378;Wolfersdorf;68;Haut-Rhin;44;Grand Est;CR47;;;;;;;;A1120730;A1120730;;2;Station qualité située sur un cours d'eau;;1994-01-01;2026-12-31;2023-09-15;;L'ELBAECHEL À WOLFERSDORF;0;Nature de la station inconnue;0;;;;
02003617;LE TRAUBACH À TRAUBACH-LE-BAS;;1007973;6736282;26;RGF93 / Lambert 93;68336;Traubach-le-Bas;68;Haut-Rhin;44;Grand Est;CR48;;;;;;;;A1130300;A1130300;;2;Station qualité située sur un cours d'eau;;2014-01-01;2020-12-31;2020-12-11;;LE TRAUBACH À TRAUBACH-LE-BAS;0;Nature de la station inconnue;0;;;;
02003670;LE SOULTZBACH À BALSCHWILLER;;1012510;6737738;26;RGF93 / Lambert 93;68018;Balschwiller;68;Haut-Rhin;44;Grand Est;CR50;;;;;;;;A1140540;A1140540;;2;Station qualité située sur un cours d'eau;;1994-01-01;;2021-11-08;;LE SOULTZBACH À BALSCHWILLER;0;Nature de la station inconnue;277;;;;
02003800;LA LARGUE À SPECHBACH-LE-BAS;;1016827;6737563;26;RGF93 / Lambert 93;68320;Spechbach;68;Haut-Rhin;44;Grand Est;CR705;;;;;;;;A1150200;A11-0200;;2;Station qualité située sur un cours d'eau;;1997-01-01;;2019-03-26;Evaluation Sortie U. Réf. SAGE;LA LARGUE À SPECHBACH-LE-BAS;0;Nature de la station inconnue;265;;;;245.99
02004000;L'ILL À BRUNSTATT;;1022767;6744048;26;RGF93 / Lambert 93;68056;Brunstatt-Didenheim;68;Haut-Rhin;44;Grand Est;CR18;;;;;;;;A1160030;A---0030;;2;Station qualité située sur un cours d'eau;;1971-01-01;;2023-03-14;;L'ILL À BRUNSTATT;0;Nature de la station inconnue;245;;;;654.22
02004300;LA DOLLER À SEWEN (LERCHENMATT);;991481;6751802;26;RGF93 / Lambert 93;68307;Sewen;68;Haut-Rhin;44;Grand Est;CR53;;;;;;;;A1200200;A12-0200;;2;Station qualité située sur un cours d'eau;;2005-01-01;;2022-08-09;;LA DOLLER À SEWEN (LERCHENMATT);0;Nature de la station inconnue;585;;;;8.86
02004990;LE MICHELBACH À MICHELBACH;;1006209;6748194;26;RGF93 / Lambert 93;68115;Guewenheim;68;Haut-Rhin;44;Grand Est;CR60;;;;;;;;A1230500;A1230500;;2;Station qualité située sur un cours d'eau;;2009-01-01;;2020-12-10;;LE MICHELBACH À MICHELBACH;0;Nature de la station inconnue;363;;;;
02005688;LE BAERENBACH À REININGUE (ABBAYE D'OELENBERG);;1014997;6746634;26;RGF93 / Lambert 93;68267;Reiningue;68;Haut-Rhin;44;Grand Est;CR61;;;;;;;;A1240520;A1240520;;2;Station qualité située sur un cours d'eau;;2014-01-01;2020-12-31;2020-12-11;;LE BAERENBACH À REININGUE (ABBAYE D'OELENBERG);0;Nature de la station inconnue;0;;;;
02005700;LA DOLLER À REININGUE;;1017040;6746858;26;RGF93 / Lambert 93;68267;Reiningue;68;Haut-Rhin;44;Grand Est;CR57;;;;;;;;A1250200;A12-0200;;2;Station qualité située sur un cours d'eau;;1973-01-01;;2023-03-14;Evaluation Sortie U. Réf. SAGE;LA DOLLER À REININGUE;0;Nature de la station inconnue;263;;;;178.45
02006450;LE GROSS RUNZGRABEN À BURNHAUPT-LE-BAS (NIEDERHOLZ);;1013162;6743996;26;RGF93 / Lambert 93;68059;Burnhaupt-le-Bas;68;Haut-Rhin;44;Grand Est;CR63;;;;;;;;A1250640;A1250640;;2;Station qualité située sur un cours d'eau;;2009-01-01;2020-12-31;2018-06-18;;LE GROSS RUNZGRABEN À BURNHAUPT-LE-BAS (NIEDERHOLZ);0;Nature de la station inconnue;284;;;;
02007000;L'ILL À RUELISHEIM;;1026058;6755610;26;RGF93 / Lambert 93;68289;Ruelisheim;68;Haut-Rhin;44;Grand Est;CR19;;;;;;;;A1300030;A---0030;;2;Station qualité située sur un cours d'eau;;1971-01-01;;2023-03-14;;L'ILL À RUELISHEIM;0;Nature de la station inconnue;226;;;;892
02009000;LA THUR À WILLER-SUR-THUR;;1004262;6757052;26;RGF93 / Lambert 93;68372;Willer-sur-Thur;68;Haut-Rhin;44;Grand Est;CR709;;;;;;;;A1430200;A14-0200;;2;Station qualité située sur un cours d'eau;;1971-01-01;;2023-09-18;;LA THUR À WILLER-SUR-THUR;0;Nature de la station inconnue;370;;;;159.04
02009085;LE WISSBACH A WILLER-SUR-THUR (MITTELRAIN);;1004891;6759910;26;RGF93 / Lambert 93;68372;Willer-sur-Thur;68;Haut-Rhin;44;Grand Est;CR74;;;;;;;;A1430690;A1430690;;2;Station qualité située sur un cours d'eau;Code provisoire : New-CR74;2018-01-01;2021-12-31;2022-04-05;;LE WISSBACH A WILLER-SUR-THUR (MITTELRAIN);0;Nature de la station inconnue;0;;;;
02010000;LA THUR À STAFFELFELDEN;;1018958;6756008;26;RGF93 / Lambert 93;68321;Staffelfelden;68;Haut-Rhin;44;Grand Est;CR69;;;;;;;;A1460200;A14-0200;;2;Station qualité située sur un cours d'eau;Station sélectionnée dans le sous-réseau "RCS pesticides 25%";1971-01-01;;2023-09-25;;LA THUR À STAFFELFELDEN;0;Nature de la station inconnue;246;;;;249.5
02011000;LA THUR À ENSISHEIM;;1024084;6760864;26;RGF93 / Lambert 93;68082;Ensisheim;68;Haut-Rhin;44;Grand Est;CR69;;;;;;;;A1460200;A14-0200;;2;Station qualité située sur un cours d'eau;;1967-01-01;;2023-01-17;Evaluation Sortie U. Réf. SAGE;LA THUR À ENSISHEIM;0;Nature de la station inconnue;216;;;;259.5
02013000;L'ILL À OBERHERGHEIM;;1028074;6772168;26;RGF93 / Lambert 93;68242;Oberhergheim;68;Haut-Rhin;44;Grand Est;CR19;;;;;;;;A1470030;A---0030;;2;Station qualité située sur un cours d'eau;Station sélectionnée dans le sous-réseau "RCS pesticides 25%";1967-01-01;;2023-09-15;;L'ILL À OBERHERGHEIM;0;Nature de la station inconnue;202;;;;1279.8
02015500;LA LAUCH À LINTHAL (SAEGMATTEN);;1006588;6768122;26;RGF93 / Lambert 93;68188;Linthal;68;Haut-Rhin;44;Grand Est;CR77;;;;;;;;A1500200;A15-0200;;2;Station qualité située sur un cours d'eau;;1992-01-01;;2022-03-01;;LA LAUCH À LINTHAL (SAEGMATTEN);0;Nature de la station inconnue;500;;;;26.16
02016050;LA LAUCH À BUHL (AVAL);;1013303;6766444;26;RGF93 / Lambert 93;68058;Buhl;68;Haut-Rhin;44;Grand Est;CR79;;;;;;;;A1510200;A15-0200;;2;Station qualité située sur un cours d'eau;;1986-01-01;;2022-11-22;;LA LAUCH À BUHL (AVAL);0;Nature de la station inconnue;326;;;;65.02
02017000;LA LAUCH À MERXHEIM;;1020405;6765764;26;RGF93 / Lambert 93;68203;Merxheim;68;Haut-Rhin;44;Grand Est;CR79;;;;;;;;A1520200;A15-0200;;2;Station qualité située sur un cours d'eau;;1971-01-01;;2023-03-14;;LA LAUCH À MERXHEIM;0;Nature de la station inconnue;217;;;;89.48
02017500;L'OHMBACH À ROUFFACH (BADENMUEHLE);;1019071;6769543;26;RGF93 / Lambert 93;68287;Rouffach;68;Haut-Rhin;44;Grand Est;CR82;;;;;;;;A1530300;A1530300;;2;Station qualité située sur un cours d'eau;;1986-01-01;2020-12-31;2020-03-03;;L'OHMBACH À ROUFFACH (BADENMUEHLE);0;Nature de la station inconnue;220;;;;43.83
02017850;LE LOHBACH À REGUISHEIM;;1022399;6764491;26;RGF93 / Lambert 93;68266;Réguisheim;68;Haut-Rhin;44;Grand Est;CR80;;;;;;;;A1550212;A15-0212;;2;Station qualité située sur un cours d'eau;;2009-01-01;;2023-09-25;;LE LOHBACH À REGUISHEIM;0;Nature de la station inconnue;213;;;;
02018000;LA LAUCH À HERRLISHEIM-PRES-COLMAR;;1022732;6777246;26;RGF93 / Lambert 93;68134;Herrlisheim-près-Colmar;68;Haut-Rhin;44;Grand Est;CR78;;;;;;;;A1560200;A15-0200;;2;Station qualité située sur un cours d'eau;;1967-01-01;;2021-12-01;;LA LAUCH À HERRLISHEIM-PRES-COLMAR;0;Nature de la station inconnue;195;;;;296.8
02018500;L'ILL À COLMAR (MAISON ROUGE);;1028743;6792597;26;RGF93 / Lambert 93;68066;Colmar;68;Haut-Rhin;44;Grand Est;CR20;;;;;;;;A1610030;A---0030;;2;Station qualité située sur un cours d'eau;;1997-01-01;;2022-04-04;;L'ILL À COLMAR (MAISON ROUGE);0;Nature de la station inconnue;180;;;;1821.8
02018780;LA PETITE FECHT À STOSSWIHR (B);;1002465;6780412;26;RGF93 / Lambert 93;68329;Stosswihr;68;Haut-Rhin;44;Grand Est;CR95;;;;;;;;A2020300;A2020300;;2;Station qualité située sur un cours d'eau;Station sélectionnée dans le sous-réseau "RCS pesticides 25%";2005-01-01;;2022-04-04;;LA PETITE FECHT À STOSSWIHR (B);0;Nature de la station inconnue;519;;;;10.02
02019000;LA FECHT À WALBACH;;1015630;6782934;26;RGF93 / Lambert 93;68354;Walbach;68;Haut-Rhin;44;Grand Est;CR85;;;;;;;;A2040100;A2--0100;;2;Station qualité située sur un cours d'eau;;1971-01-01;;2023-09-18;;LA FECHT À WALBACH;0;Nature de la station inconnue;269;;;;212.2
02020000;LA WEISS À SIGOLSHEIM;;1020853;6789816;26;RGF93 / Lambert 93;68162;Kaysersberg Vignoble;68;Haut-Rhin;44;Grand Est;CR98;;;;;;;;A2130200;A21-0200;;2;Station qualité située sur un cours d'eau;;1971-01-01;;2020-03-03;;LA WEISS À SIGOLSHEIM;0;Nature de la station inconnue;202;;;;167.26
02021000;LA FECHT À GUEMAR;;1026888;6796518;26;RGF93 / Lambert 93;68113;Guémar;68;Haut-Rhin;44;Grand Est;CR87;;;;;;;;A2160100;A2--0100;;2;Station qualité située sur un cours d'eau;;1967-01-01;;2022-05-13;;LA FECHT À GUEMAR;0;Nature de la station inconnue;175;;;;516.5
02022465;LE HORGIESSEN À SÉLESTAT (AVAL);;1029517;6803378;26;RGF93 / Lambert 93;67462;Sélestat;67;Bas-Rhin;44;Grand Est;CR107;;;;;;;;A2210400;A2210400;;2;Station qualité située sur un cours d'eau;;2005-01-01;2022-12-31;2021-09-06;;LE HORGIESSEN À SÉLESTAT (AVAL);0;Nature de la station inconnue;172;;;;
02022670;LE FORSTLACH À SELESTAT (ILLWALD);;1030589;6800712;26;RGF93 / Lambert 93;67462;Sélestat;67;Bas-Rhin;44;Grand Est;CR109;;;;;;;;A2220712;A2220712;;2;Station qualité située sur un cours d'eau;;2008-01-01;2026-12-31;2022-01-28;;LE FORSTLACH À SELESTAT (ILLWALD);0;Nature de la station inconnue;172;;;;
02022675;LE KRUMMLACH À SELESTAT (ILLWALD);;1030486;6800727;26;RGF93 / Lambert 93;67462;Sélestat;67;Bas-Rhin;44;Grand Est;CR110;;;;;;;;A2220742;A2220742;;2;Station qualité située sur un cours d'eau;Risque d'assec estival (juillet-août);2008-01-01;2027-12-31;2022-11-21;;LE KRUMMLACH À SELESTAT (ILLWALD);0;Nature de la station inconnue;172;;;;
02023000;LE GIESSEN À THANVILLE;;1022210;6810951;26;RGF93 / Lambert 93;67490;Thanvillé;67;Bas-Rhin;44;Grand Est;CR112;;;;;;;;A2310200;A23-0200;;2;Station qualité située sur un cours d'eau;;1971-01-01;;2022-04-06;;LE GIESSEN À THANVILLE;0;Nature de la station inconnue;231;;;;102.09
02024000;LA LIEPVRETTE À HURST;;1022148;6806415;26;RGF93 / Lambert 93;67505;La Vancelle;67;Bas-Rhin;44;Grand Est;CR117;;;;;;;;A2340210;A23-0210;;2;Station qualité située sur un cours d'eau;;1967-01-01;;2023-03-14;;LA LIEPVRETTE À HURST;0;Nature de la station inconnue;227;;;;124.8
02025100;LE GIESSEN À EBERSHEIM;;1034280;6807961;26;RGF93 / Lambert 93;67115;Ebersheim;67;Bas-Rhin;44;Grand Est;CR114;;;;;;;;A2350200;A23-0200;;2;Station qualité située sur un cours d'eau;;1997-01-01;;2023-02-03;;LE GIESSEN À EBERSHEIM;0;Nature de la station inconnue;166;;;;273.5
02025200;LE MAERDERGRABEN À EBERSMUNSTER (WILLERHOF);;1036211;6808749;26;RGF93 / Lambert 93;67116;Ebersmunster;67;Bas-Rhin;44;Grand Est;CR121;;;;;;;;A2360692;A2360692;;2;Station qualité située sur un cours d'eau;Risque d'assec estival (juin-août);2008-01-01;2027-12-31;2023-09-25;;LE MAERDERGRABEN À EBERSMUNSTER (WILLERHOF);0;Nature de la station inconnue;165;;;;
02025700;LA LUTTER À BENFELD;;1040223;6815417;26;RGF93 / Lambert 93;67216;Huttenheim;67;Bas-Rhin;44;Grand Est;CR702;;;;;;;;A2360870;A2360870;;2;Station qualité située sur un cours d'eau;;2005-01-01;;2021-12-01;;LA LUTTER À BENFELD;0;Nature de la station inconnue;159;;;;
02026200;LA ZEMBS À HILSENHEIM;;1039651;6812047;26;RGF93 / Lambert 93;67196;Hilsenheim;67;Bas-Rhin;44;Grand Est;CR123;;;;;;;;A2400200;A24-0200;;2;Station qualité située sur un cours d'eau;Station devenue RRP en 2018 en remplacement de la station de du BRUNNENWASSER À ILLHAEUSERN (NEULAND) 02021700 décision (Comité de pilotage du 12/10/2017).;2006-01-01;;2023-09-15;;LA ZEMBS À HILSENHEIM;0;Nature de la station inconnue;162;;;;
02026500;LA ZEMBS À KRAFFT;;1047610;6823557;26;RGF93 / Lambert 93;67130;Erstein;67;Bas-Rhin;44;Grand Est;CR123;;;;;;;;A2420200;A24-0200;;2;Station qualité située sur un cours d'eau;;1986-01-01;;2019-11-06;;LA ZEMBS À KRAFFT;0;Nature de la station inconnue;151;;;;87.5
02028000;L'ANDLAU À ANDLAU;;1025734;6819590;26;RGF93 / Lambert 93;67010;Andlau;67;Bas-Rhin;44;Grand Est;CR125;;;;;;;;A2510200;A25-0200;;2;Station qualité située sur un cours d'eau;;1971-01-01;;2022-08-03;;L'ANDLAU À ANDLAU;0;Nature de la station inconnue;266;;;;37.41
02028300;LA SCHERNETZ À EPFIG;;1030335;6813582;26;RGF93 / Lambert 93;67125;Epfig;67;Bas-Rhin;44;Grand Est;CR127;;;;;;;;A2550630;A2550630;;2;Station qualité située sur un cours d'eau;;2000-01-01;;2021-12-01;;LA SCHERNETZ À EPFIG;0;Nature de la station inconnue;180;;;;
02028500;LA SCHEER À BOLSENHEIM;;1040772;6823837;26;RGF93 / Lambert 93;67054;Bolsenheim;67;Bas-Rhin;44;Grand Est;CR127;;;;;;;;A2560212;A25-0212;;2;Station qualité située sur un cours d'eau;;1997-01-01;;2023-01-17;;LA SCHEER À BOLSENHEIM;0;Nature de la station inconnue;155;;;;112
02029000;L'ANDLAU À FEGERSHEIM;;1045991;6831515;26;RGF93 / Lambert 93;67137;Fegersheim;67;Bas-Rhin;44;Grand Est;CR126;;;;;;;;A2570200;A25-0200;;2;Station qualité située sur un cours d'eau;;1971-01-01;;2022-04-04;;L'ANDLAU À FEGERSHEIM;0;Nature de la station inconnue;148;;;;300.8
02029160;L'EHN À BOERSCH;;1023093;6826224;26;RGF93 / Lambert 93;67052;Bœrsch;67;Bas-Rhin;44;Grand Est;CR131;;;;;;;;A2600200;A26-0200;;2;Station qualité située sur un cours d'eau;;2005-01-01;;2021-12-01;;L'EHN À BOERSCH;0;Nature de la station inconnue;395;;;;9.56
02030200;L'EHN À MEISTRATZHEIM;;1036432;6827144;26;RGF93 / Lambert 93;67286;Meistratzheim;67;Bas-Rhin;44;Grand Est;CR132;;;;;;;;A2610200;A26-0200;;2;Station qualité située sur un cours d'eau;Station sélectionnée dans le sous-réseau "RCS pesticides 25%";2000-01-01;;2023-04-04;;L'EHN À MEISTRATZHEIM;0;Nature de la station inconnue;155;;;;70.97
02030310;LE ROSENMEER À INNENHEIM;;1037216;6831507;26;RGF93 / Lambert 93;67223;Innenheim;67;Bas-Rhin;44;Grand Est;CR135;;;;;;;;A2620300;A2620300;;2;Station qualité située sur un cours d'eau;;2000-01-01;;2020-05-25;;LE ROSENMEER À INNENHEIM;0;Nature de la station inconnue;155;;;;20.6
02030500;L'EHN À GEISPOLSHEIM (B);;1045931;6833960;26;RGF93 / Lambert 93;67152;Geispolsheim;67;Bas-Rhin;44;Grand Est;CR134;;;;;;;;A2630200;A26-0200;;2;Station qualité située sur un cours d'eau;;1993-01-01;;2023-04-04;;L'EHN À GEISPOLSHEIM (B);0;Nature de la station inconnue;144;;;;166
02031400;LA BRUCHE À SAINT-BLAISE-LA-ROCHE;;1007343;6819627;26;RGF93 / Lambert 93;67436;Saulxures;67;Bas-Rhin;44;Grand Est;CR88;;;;;;;;A2700110;A2--0110;;2;Station qualité située sur un cours d'eau;;1991-01-01;;2023-03-14;;LA BRUCHE À SAINT-BLAISE-LA-ROCHE;0;Nature de la station inconnue;426;;;;37.96
02031650;LE NETZENBACH À LUTZELHOUSE;;1012262;6832404;26;RGF93 / Lambert 93;67276;Lutzelhouse;67;Bas-Rhin;44;Grand Est;CR141;;;;;;;;A2730530;A2730530;;2;Station qualité située sur un cours d'eau;;2005-01-01;;2023-02-17;;LE NETZENBACH À LUTZELHOUSE;0;Nature de la station inconnue;340;;;;16.36
02032000;LA BRUCHE À GRESSWILLER;;1027372;6835313;26;RGF93 / Lambert 93;67313;Mutzig;67;Bas-Rhin;44;Grand Est;CR90;;;;;;;;A2760110;A2--0110;;2;Station qualité située sur un cours d'eau;;1971-01-01;;2021-12-01;;LA BRUCHE À GRESSWILLER;0;Nature de la station inconnue;193;;;;434.06
02035000;LA MOSSIG À SOULTZ-LES-BAINS;;1030984;6839706;26;RGF93 / Lambert 93;67473;Soultz-les-Bains;67;Bas-Rhin;44;Grand Est;CR146;;;;;;;;A2840200;A28-0200;;2;Station qualité située sur un cours d'eau;;1971-01-01;;2022-04-04;;LA MOSSIG À SOULTZ-LES-BAINS;0;Nature de la station inconnue;171;;;;167.6
02035750;LE BRAS D'ALTORF À DUPPIGHEIM;;1038982;6835396;26;RGF93 / Lambert 93;67108;Duppigheim;67;Bas-Rhin;44;Grand Est;CR147;;;;;;;;A2850752;A2850752;;2;Station qualité située sur un cours d'eau;;2002-01-01;2022-12-31;2020-04-08;;LE BRAS D'ALTORF À DUPPIGHEIM;0;Nature de la station inconnue;158;;;;
02036000;LA BRUCHE À HOLTZHEIM;;1042006;6838801;26;RGF93 / Lambert 93;67212;Holtzheim;67;Bas-Rhin;44;Grand Est;CR91;;;;;;;;A2860110;A2--0110;;2;Station qualité située sur un cours d'eau;;1967-01-01;;2023-03-16;;LA BRUCHE À HOLTZHEIM;0;Nature de la station inconnue;149;;;;492.8
02037400;LA SOUFFEL À MUNDOLSHEIM (AMONT);;1046388;6848472;26;RGF93 / Lambert 93;67309;Mundolsheim;67;Bas-Rhin;44;Grand Est;CR151;;;;;;;;A2920200;A29-0200;;2;Station qualité située sur un cours d'eau;;1986-09-01;;2023-03-16;;LA SOUFFEL À MUNDOLSHEIM (AMONT);0;Nature de la station inconnue;142;;;;70.55
02037500;LA SOUFFEL À MUNDOLSHEIM;;1048030;6848205;26;RGF93 / Lambert 93;67309;Mundolsheim;67;Bas-Rhin;44;Grand Est;CR151;;;;;;;;A2930200;A29-0200;;2;Station qualité située sur un cours d'eau;;1986-01-01;;2023-09-25;;LA SOUFFEL À MUNDOLSHEIM;0;Nature de la station inconnue;141;;;;122
02041000;LA MODER À INGWILLER;;1028481;6873622;26;RGF93 / Lambert 93;67222;Ingwiller;67;Bas-Rhin;44;Grand Est;CR153;;;;;;;;A3120100;A3--0100;;2;Station qualité située sur un cours d'eau;;1971-01-01;;2018-05-07;;LA MODER À INGWILLER;0;Nature de la station inconnue;189;;;;94
02041100;LA MODER À MENCHHOFFEN;;1030846;6871287;26;RGF93 / Lambert 93;67289;Menchhoffen;67;Bas-Rhin;44;Grand Est;CR153;;;;;;;;A3120100;A3--0100;;2;Station qualité située sur un cours d'eau;;1990-01-01;2026-12-31;2023-01-12;;LA MODER À MENCHHOFFEN;0;Nature de la station inconnue;180;;;;132.66
02041230;LE WAPPACHGRABEN À OBERMODERN-ZUTZENDORF;;1034613;6870151;26;RGF93 / Lambert 93;67347;Obermodern-Zutzendorf;67;Bas-Rhin;44;Grand Est;CR163;;;;;;;;A3120760;A3120760;;2;Station qualité située sur un cours d'eau;;2008-01-01;;2023-09-25;;LE WAPPACHGRABEN À OBERMODERN-ZUTZENDORF;0;Nature de la station inconnue;175;;;;
02041650;LA ZINSEL DU NORD À ZINSWILLER;;1036384;6878514;26;RGF93 / Lambert 93;67340;Oberbronn;67;Bas-Rhin;44;Grand Est;CR165;;;;;;;;A3210200;A32-0200;;2;Station qualité située sur un cours d'eau;Station sélectionnée dans le sous-réseau "RCS pesticides 25%";1993-01-01;;2022-01-24;;LA ZINSEL DU NORD À ZINSWILLER;0;Nature de la station inconnue;181;;;;87.94
02041750;LE SCHWARZBACH À REICHSHOFFEN;;1042054;6881616;26;RGF93 / Lambert 93;67388;Reichshoffen;67;Bas-Rhin;44;Grand Est;CR169;;;;;;;;A3240220;A32-0220;;2;Station qualité située sur un cours d'eau;;1997-01-01;;2023-03-16;;LE SCHWARZBACH À REICHSHOFFEN;0;Nature de la station inconnue;184;;;;97.41
02041950;LA ZINSEL DU NORD À HAGUENAU;;1046998;6869941;26;RGF93 / Lambert 93;67180;Haguenau;67;Bas-Rhin;44;Grand Est;CR166;;;;;;;;A3260200;A32-0200;;2;Station qualité située sur un cours d'eau;;1994-01-01;;2022-04-07;;LA ZINSEL DU NORD À HAGUENAU;0;Nature de la station inconnue;152;;;;339.36
02042000;LA MODER À SCHWEIGHOUSE-SUR-MODER (A);;1047895;6868552;26;RGF93 / Lambert 93;67458;Schweighouse-sur-Moder;67;Bas-Rhin;44;Grand Est;CR154;;;;;;;;A3300100;A3--0100;;2;Station qualité située sur un cours d'eau;;1971-01-01;;2018-05-07;;LA MODER À SCHWEIGHOUSE-SUR-MODER (A);0;Nature de la station inconnue;148;;;;622.79
02042050;LE LOMDGRABEN À SCHWEIGHOUSE-SUR-MODER;;1047983;6868222;26;RGF93 / Lambert 93;67458;Schweighouse-sur-Moder;67;Bas-Rhin;44;Grand Est;CR170;;;;;;;;A3300310;A3300310;;2;Station qualité située sur un cours d'eau;;2006-01-01;2027-12-31;2023-09-25;;LE LOMDGRABEN À SCHWEIGHOUSE-SUR-MODER;0;Nature de la station inconnue;0;;;;
02042555;LE KESSELGRABEN À ROHRWILLER;;1059802;6861165;26;RGF93 / Lambert 93;67407;Rohrwiller;67;Bas-Rhin;44;Grand Est;CR173;;;;;;;;A3320540;A3320540;;2;Station qualité située sur un cours d'eau;;2008-01-01;2020-12-31;2021-01-14;;LE KESSELGRABEN À ROHRWILLER;0;Nature de la station inconnue;125;;;;
02043017;LE MICHELBACH À MONSWILLER (AMONT);;1020682;6859587;26;RGF93 / Lambert 93;67302;Monswiller;67;Bas-Rhin;44;Grand Est;CR184;;;;;;;;A3420350;A3420350;;2;Station qualité située sur un cours d'eau;Station créée par anticipation des programmes jusqu'en 2022\nReco terrain AERM/GD le 4/04/2017\; possibilité d'avancer le RCO à 2018, compte tenu de cette reconnaissance anticipée. Code provisoire : New-CR184.;2018-01-01;2026-12-31;2023-01-12;;LE MICHELBACH À MONSWILLER (AMONT);0;Nature de la station inconnue;0;;;;
02043500;LA ZINSEL DU SUD À HATTMATT;;1025007;6863716;26;RGF93 / Lambert 93;67185;Hattmatt;67;Bas-Rhin;44;Grand Est;CR181;;;;;;;;A3440210;A34-0210;;2;Station qualité située sur un cours d'eau;;1993-01-01;;2023-02-17;;LA ZINSEL DU SUD À HATTMATT;0;Nature de la station inconnue;177;;;;166.51
02043600;LA ZORN À STEINBOURG;;1024787;6860682;26;RGF93 / Lambert 93;67478;Steinbourg;67;Bas-Rhin;44;Grand Est;CR176;;;;;;;;A3450200;A34-0200;;2;Station qualité située sur un cours d'eau;;1993-01-01;;2023-03-17;;LA ZORN À STEINBOURG;0;Nature de la station inconnue;173;;;;395.25
02043655;LE KUHBACH À OTTERSWILLER;;1021796;6855499;26;RGF93 / Lambert 93;67367;Otterswiller;67;Bas-Rhin;44;Grand Est;CR190;;;;;;;;A3450600;A3450600;;2;Station qualité située sur un cours d'eau;;2007-01-01;2027-12-31;2023-09-25;;LE KUHBACH À OTTERSWILLER;0;Nature de la station inconnue;193;;;;
02043750;LE ROHRBACH À HOCHFELDEN;;1036152;6859617;26;RGF93 / Lambert 93;67202;Hochfelden;67;Bas-Rhin;44;Grand Est;CR193;;;;;;;;A3470380;A3470380;;2;Station qualité située sur un cours d'eau;;2000-01-01;;2023-04-12;;LE ROHRBACH À HOCHFELDEN;0;Nature de la station inconnue;159;;;;66.89
02044100;LA ZORN À WEYERSHEIM;;1056899;6856284;26;RGF93 / Lambert 93;67529;Weyersheim;67;Bas-Rhin;44;Grand Est;CR179;;;;;;;;A3490200;A34-0200;;2;Station qualité située sur un cours d'eau;;2000-01-01;;2023-09-25;;LA ZORN À WEYERSHEIM;0;Nature de la station inconnue;130;;;;
02044400;LE LANDGRABEN À DRUSENHEIM;;1064417;6862231;26;RGF93 / Lambert 93;67106;Drusenheim;67;Bas-Rhin;44;Grand Est;CR197;;;;;;;;A3530200;A35-0200;;2;Station qualité située sur un cours d'eau;;2008-01-01;2027-12-31;2023-09-25;;LE LANDGRABEN À DRUSENHEIM;0;Nature de la station inconnue;123;;;;
02045000;LA MODER À DRUSENHEIM;;1063730;6862656;26;RGF93 / Lambert 93;67106;Drusenheim;67;Bas-Rhin;44;Grand Est;CR155;;;;;;;;A3500100;A3--0100;;2;Station qualité située sur un cours d'eau;;1967-01-01;;2022-11-29;;LA MODER À DRUSENHEIM;0;Nature de la station inconnue;123;;;;1542.8
02045050;LA MODER À AUENHEIM;;1067674;6868324;26;RGF93 / Lambert 93;67418;Rountzenheim-Auenheim;67;Bas-Rhin;44;Grand Est;CR156;;;;;;;;A3540100;A3--0100;;2;Station qualité située sur un cours d'eau;Station sélectionnée dans le sous-réseau "RCS pesticides 25%";1997-01-01;;2022-04-05;;LA MODER À AUENHEIM;0;Nature de la station inconnue;119;;;;1706
02045150;LA SAUER À LEMBACH;;1047574;6893190;26;RGF93 / Lambert 93;67263;Lembach;67;Bas-Rhin;44;Grand Est;CR157;;;;;;;;A3600110;A3--0110;;2;Station qualité située sur un cours d'eau;;1992-01-01;;2022-08-03;;LA SAUER À LEMBACH;0;Nature de la station inconnue;208;18.5;;;0.5
02045200;LA SAUER À GUNSTETT;;1048227;6878644;26;RGF93 / Lambert 93;67177;Gunstett;67;Bas-Rhin;44;Grand Est;CR712;;;;;;;;A3620110;A3--0110;;2;Station qualité située sur un cours d'eau;;1997-01-01;;2023-03-16;;LA SAUER À GUNSTETT;0;Nature de la station inconnue;163;;;;134.5
02045283;LE HALBMÜHLBACH À HAGUENAU (CARREFOUR PARADE);;1059307;6875019;26;RGF93 / Lambert 93;67180;Haguenau;67;Bas-Rhin;44;Grand Est;CR711;;;;;;;;A3640302;A3640302;;2;Station qualité située sur un cours d'eau;;1999-01-01;;2021-12-01;;LE HALBMÜHLBACH À HAGUENAU (CARREFOUR PARADE);0;Nature de la station inconnue;138;;;;
02045350;L'EBERBACH À WALBOURG;;1050068;6875488;26;RGF93 / Lambert 93;67511;Walbourg;67;Bas-Rhin;44;Grand Est;CR199;;;;;;;;A3660210;A36-0210;;2;Station qualité située sur un cours d'eau;;2000-01-01;;2021-12-01;;L'EBERBACH À WALBOURG;0;Nature de la station inconnue;159;;;;
02045425;LE BRUMBACH À HAGUENAU;;1062441;6870508;26;RGF93 / Lambert 93;67180;Haguenau;67;Bas-Rhin;44;Grand Est;CR203;;;;;;;;A3670730;A3670730;;2;Station qualité située sur un cours d'eau;;2008-01-01;2021-12-31;2021-08-05;;LE BRUMBACH À HAGUENAU;0;Nature de la station inconnue;131;;;;
02045500;L'EBERBACH À LEUTENHEIM;;1067832;6872036;26;RGF93 / Lambert 93;67264;Leutenheim;67;Bas-Rhin;44;Grand Est;CR199;;;;;;;;A3680210;A36-0210;;2;Station qualité située sur un cours d'eau;;1991-01-01;;2023-03-16;;L'EBERBACH À LEUTENHEIM;0;Nature de la station inconnue;118;;;;173.5
02046000;LA SAUER À BEINHEIM;;1072845;6874866;26;RGF93 / Lambert 93;67025;Beinheim;67;Bas-Rhin;44;Grand Est;CR160;;;;;;;;A3690110;A3--0110;;2;Station qualité située sur un cours d'eau;;1971-01-01;;2023-03-16;;LA SAUER À BEINHEIM;0;Nature de la station inconnue;114;;;;458.2
02046550;LE MIRGRABEN À FORSTFELD;;1069410;6875963;26;RGF93 / Lambert 93;67140;Forstfeld;67;Bas-Rhin;44;Grand Est;CR204;;;;;;;;A3690410;A3690410;;2;Station qualité située sur un cours d'eau;;2008-01-01;2021-12-31;2021-05-05;;LE MIRGRABEN À FORSTFELD;0;Nature de la station inconnue;122;;;;
02047000;LE SELTZBACH À NIEDERROEDERN;;1069813;6878876;26;RGF93 / Lambert 93;67330;Niederrœdern;67;Bas-Rhin;44;Grand Est;CR205;;;;;;;;A3730200;A37-0200;;2;Station qualité située sur un cours d'eau;;1967-01-01;;2023-03-16;;LE SELTZBACH À NIEDERROEDERN;0;Nature de la station inconnue;125;;;;199
02047500;LA LAUTER À WEILER;;1058216;6893712;26;RGF93 / Lambert 93;67544;Wissembourg;67;Bas-Rhin;44;Grand Est;CR207;;;;;;;;A3800200;A38-0200;;2;Station qualité située sur un cours d'eau;Station sélectionnée dans le sous-réseau "RCS pesticides 25%";1991-01-01;;2023-09-15;;LA LAUTER À WEILER;0;Nature de la station inconnue;168;;;;10.2
02047750;LA LAUTER À LAUTERBOURG (B);;1079072;6887630;26;RGF93 / Lambert 93;67261;Lauterbourg;67;Bas-Rhin;44;Grand Est;CR207;;;;;;;;A3830200;A38-0200;;2;Station qualité située sur un cours d'eau;;1973-01-01;;2023-03-16;;LA LAUTER À LAUTERBOURG (B);0;Nature de la station inconnue;115;;;;92
02048960;LE RUISSEAU DE LA COLLINE DE FRESSE À FRESSE-SUR-MOSELLE;;985320;6761173;26;RGF93 / Lambert 93;88188;Fresse-sur-Moselle;88;Vosges;44;Grand Est;CR713;;;;;;;;A4020870;A4020870;;2;Station qualité située sur un cours d'eau;;1999-01-01;;2023-02-17;;LE RUISSEAU DE LA COLLINE DE FRESSE À FRESSE-SUR-MOSELLE;0;Nature de la station inconnue;630;;;;
02048980;LA MOSELLE À RAMONCHAMP;;979342;6761239;26;RGF93 / Lambert 93;88369;Ramonchamp;88;Vosges;44;Grand Est;CR208;;;;;;;;A4040060;A---0060;;2;Station qualité située sur un cours d'eau;;1989-01-01;;2023-03-16;;LA MOSELLE À RAMONCHAMP;0;Nature de la station inconnue;468;;;;118.54
02049000;LA MOSELLE À SAULX;;975277;6762983;26;RGF93 / Lambert 93;88408;Rupt-sur-Moselle;88;Vosges;44;Grand Est;CR208;;;;;;;;A4050060;A---0060;;2;Station qualité située sur un cours d'eau;;1971-01-01;;2023-09-25;;LA MOSELLE À SAULX;0;Nature de la station inconnue;439;469.71;;;151.6
02049500;LA MOSELOTTE À SAULXURES-SUR-MOSELOTTE;;978578;6769041;26;RGF93 / Lambert 93;88467;Thiéfosse;88;Vosges;44;Grand Est;CR223;;;;;;;;A4140200;A41-0200;;2;Station qualité située sur un cours d'eau;;1991-01-01;;2023-03-16;;LA MOSELOTTE À SAULXURES-SUR-MOSELOTTE;0;Nature de la station inconnue;440;;;;157.81
02049900;LA CLEURIE À CLEURIE;;975792;6779526;26;RGF93 / Lambert 93;88109;Cleurie;88;Vosges;44;Grand Est;CR225;;;;;;;;A4170300;A4170300;;2;Station qualité située sur un cours d'eau;;1976-01-01;;2023-03-16;;LA CLEURIE À CLEURIE;0;Nature de la station inconnue;470;;;;58.56
02050000;LA MOSELOTTE À AUTRIVE;;970295;6774446;26;RGF93 / Lambert 93;88409;Saint-Amé;88;Vosges;44;Grand Est;CR224;;;;;;;;A4180200;A41-0200;;2;Station qualité située sur un cours d'eau;;1971-01-01;;2022-11-22;Contrôle de surveillance DCE;LA MOSELOTTE À AUTRIVE;0;Nature de la station inconnue;386;;;;353.59
02051500;LE NEUNÉ À LA HOUSSIERE;;985215;6795762;26;RGF93 / Lambert 93;88244;La Houssière;88;Vosges;44;Grand Est;CR230;;;;;;;;A4330300;A4330300;;2;Station qualité située sur un cours d'eau;Crée sous le nom provisoire STATION REPRÉS. ME CR230 - NEUNE et le numéro NWCR230;2018-01-01;2027-12-31;2022-11-23;;LE NEUNÉ À LA HOUSSIERE;0;Nature de la station inconnue;0;;;;
02051600;LE NEUNE À LAVELINE-DEVANT-BRUYERE;;979407;6793847;26;RGF93 / Lambert 93;88262;Laveline-devant-Bruyères;88;Vosges;44;Grand Est;CR230;;;;;;;;A4330300;A4330300;;2;Station qualité située sur un cours d'eau;;1991-01-01;;2023-02-17;;LE NEUNE À LAVELINE-DEVANT-BRUYERE;0;Nature de la station inconnue;445;;;;93.64
02051820;LE BARBA À DOCELLES;;970561;6788305;26;RGF93 / Lambert 93;88135;Docelles;88;Vosges;44;Grand Est;CR232;;;;;;;;A4350300;A4350300;;2;Station qualité située sur un cours d'eau;;2008-01-01;;2023-06-28;;LE BARBA À DOCELLES;0;Nature de la station inconnue;393;;;;
02052000;LA VOLOGNE À JARMENIL;;965675;6785434;26;RGF93 / Lambert 93;88250;Jarménil;88;Vosges;44;Grand Est;CR229;;;;;;;;A4360200;A43-0200;;2;Station qualité située sur un cours d'eau;;1971-01-01;;2023-03-16;;LA VOLOGNE À JARMENIL;0;Nature de la station inconnue;356;;;;367.45
02052500;LA MOSELLE À ARCHETTES;;961477;6786670;26;RGF93 / Lambert 93;88012;Archettes;88;Vosges;44;Grand Est;CR210;;;;;;;;A4410060;A---0060;;2;Station qualité située sur un cours d'eau;;1989-01-01;;2022-11-22;Contrôle de surveillance DCE;LA MOSELLE À ARCHETTES;0;Nature de la station inconnue;340;;;;1127.64
02054900;LE RUISSEAU DU GRAND BIEF À CHAMAGNE;;942266;6818286;26;RGF93 / Lambert 93;88084;Chamagne;88;Vosges;44;Grand Est;CR720;;;;;;;;A4730560;A4730560;;2;Station qualité située sur un cours d'eau;Risque d'assec estival (août ?);2008-01-01;2025-12-31;2023-09-25;;LE RUISSEAU DU GRAND BIEF À CHAMAGNE;0;Nature de la station inconnue;257;;;;
02055100;LE RUISSEAU DE LA VARROIE À CHAMAGNE;;943598;6818255;26;RGF93 / Lambert 93;88084;Chamagne;88;Vosges;44;Grand Est;CR721;;;;;;;;A4730610;A4730610;;2;Station qualité située sur un cours d'eau;;2009-01-01;2025-12-31;2023-01-17;;LE RUISSEAU DE LA VARROIE À CHAMAGNE;0;Nature de la station inconnue;266;5.9;;;
02057130;L'EAU DE LA VILLE À BAINVILLE-AUX-SAULES;;932523;6794122;26;RGF93 / Lambert 93;88030;Bainville-aux-Saules;88;Vosges;44;Grand Est;CR255;;;;;;;;A5230310;A5230310;;2;Station qualité située sur un cours d'eau;;2014-01-01;2026-12-31;2023-09-15;;L'EAU DE LA VILLE À BAINVILLE-AUX-SAULES;0;Nature de la station inconnue;290;;;;
02057168;LA GITTE À DOMPAIRE (PROCHIMPRÉ);;937639;6798281;26;RGF93 / Lambert 93;88151;Dompaire;88;Vosges;44;Grand Est;CR253;;;;;;;;A5240200;A52-0200;;2;Station qualité située sur un cours d'eau;;2014-01-01;;2020-12-11;;LA GITTE À DOMPAIRE (PROCHIMPRÉ);0;Nature de la station inconnue;283;;;;
02057245;LA SAULE À HYMONT;;933531;6801331;26;RGF93 / Lambert 93;88246;Hymont;88;Vosges;44;Grand Est;CR258;;;;;;;;A5260360;A5260360;;2;Station qualité située sur un cours d'eau;;2014-01-01;2020-12-31;2020-12-11;;LA SAULE À HYMONT;0;Nature de la station inconnue;275;;;;
02057453;LE RUISSEAU DU XOUILLON À GIRCOURT-LES-VIEVILLE;;935680;6809941;26;RGF93 / Lambert 93;88202;Gircourt-lès-Viéville;88;Vosges;44;Grand Est;CR261;;;;;;;;A5290340;A5290340;;2;Station qualité située sur un cours d'eau;;2014-01-01;2020-12-31;2020-12-11;;LE RUISSEAU DU XOUILLON À GIRCOURT-LES-VIEVILLE;0;Nature de la station inconnue;263;;;;
02057480;LE BEAULONG À MARAINVILLE-SUR-MADON;;933864;6815835;26;RGF93 / Lambert 93;88286;Marainville-sur-Madon;88;Vosges;44;Grand Est;CR263;;;;;;;;A5310340;A5310340;;2;Station qualité située sur un cours d'eau;;2008-01-01;;2022-11-22;;LE BEAULONG À MARAINVILLE-SUR-MADON;0;Nature de la station inconnue;258;;;;
02061500;LA MEURTHE À FRAIZE;;995317;6794553;26;RGF93 / Lambert 93;88181;Fraize;88;Vosges;44;Grand Est;CR277;;;;;;;;A6000100;A6--0100;;2;Station qualité située sur un cours d'eau;;1979-01-01;;2023-02-17;;LA MEURTHE À FRAIZE;0;Nature de la station inconnue;470;;;;73.68
02061970;LA PETITE MEURTHE À BAN-SUR-MEURTHE-CLEFCY (CLEFCY);;995795;6792169;26;RGF93 / Lambert 93;88106;Ban-sur-Meurthe-Clefcy;88;Vosges;44;Grand Est;CR277;;;;;;;;A6010300;A6010300;;2;Station qualité située sur un cours d'eau;;2009-01-01;;2023-03-16;;LA PETITE MEURTHE À BAN-SUR-MEURTHE-CLEFCY (CLEFCY);0;Nature de la station inconnue;502;12.5;;;
02063000;LA MEURTHE À GRATIN;;994659;6805444;26;RGF93 / Lambert 93;88413;Saint-Dié-des-Vosges;88;Vosges;44;Grand Est;CR278;;;;;;;;A6050100;A6--0100;;2;Station qualité située sur un cours d'eau;;1971-01-01;;2022-04-05;;LA MEURTHE À GRATIN;0;Nature de la station inconnue;346;;;;362.96
02064770;LE RABODEAU À MOYENMOUTIER (AMONT);;992008;6816661;26;RGF93 / Lambert 93;88319;Moyenmoutier;88;Vosges;44;Grand Est;CR295;;;;;;;;A6130200;A61-0200;;2;Station qualité située sur un cours d'eau;;2007-01-01;;2023-03-16;Contrôle de surveillance DCE;LE RABODEAU À MOYENMOUTIER (AMONT);0;Nature de la station inconnue;328;;;;113.61
02065090;LA PLAINE À RAON-SUR-PLAINE;;1002814;6831429;26;RGF93 / Lambert 93;88373;Raon-sur-Plaine;88;Vosges;44;Grand Est;CR296;;;;;;;;A6200200;A62-0200;;2;Station qualité située sur un cours d'eau;;2005-01-01;;2023-03-17;;LA PLAINE À RAON-SUR-PLAINE;0;Nature de la station inconnue;438;5;;;19.57
02065280;LA PLAINE À CELLES-SUR-PLAINE (LA SOYE);;992452;6825697;26;RGF93 / Lambert 93;88082;Celles-sur-Plaine;88;Vosges;44;Grand Est;CR296;;;;;;;;A6210200;A62-0200;;2;Station qualité située sur un cours d'eau;;2012-01-01;;2023-02-17;;LA PLAINE À CELLES-SUR-PLAINE (LA SOYE);0;Nature de la station inconnue;321;;;;
02065500;LA PLAINE À RAON-L'ETAPE;;984450;6818997;26;RGF93 / Lambert 93;88372;Raon-l'Étape;88;Vosges;44;Grand Est;CR297;;;;;;;;A6230200;A62-0200;;2;Station qualité située sur un cours d'eau;;1982-01-01;;2018-05-03;;LA PLAINE À RAON-L'ETAPE;0;Nature de la station inconnue;286;;;;127.45
02068700;L'ARENTELE À SAINTE-HELENE;;969933;6807157;26;RGF93 / Lambert 93;88418;Sainte-Hélène;88;Vosges;44;Grand Est;CR309;;;;;;;;A6640300;A6640300;;2;Station qualité située sur un cours d'eau;;1986-01-01;2027-12-31;2022-04-05;;L'ARENTELE À SAINTE-HELENE;0;Nature de la station inconnue;301;;;;60.01
02068747;LE RUISSEAU DE LA PRAIRIE À ROVILLE-AUX-CHENES;;966550;6814701;26;RGF93 / Lambert 93;88402;Roville-aux-Chênes;88;Vosges;44;Grand Est;CR311;;;;;;;;A6700350;A6700350;;2;Station qualité située sur un cours d'eau;;2014-01-01;2026-12-31;2021-11-18;;LE RUISSEAU DE LA PRAIRIE À ROVILLE-AUX-CHENES;0;Nature de la station inconnue;268;;;;
02068790;LE RUISSEAU DE LA NAUVE À SAINT-MAURICE-SUR-MORTAGNE;;965550;6816008;26;RGF93 / Lambert 93;88425;Saint-Maurice-sur-Mortagne;88;Vosges;44;Grand Est;CR313;;;;;;;;A6700530;A6700530;;2;Station qualité située sur un cours d'eau;;2009-01-01;2021-12-31;2019-11-05;;LE RUISSEAU DE LA NAUVE À SAINT-MAURICE-SUR-MORTAGNE;0;Nature de la station inconnue;266;;;;
02068800;LA MORTAGNE À SAINT-MAURICE-SUR-MORTAGNE;;965241;6816799;26;RGF93 / Lambert 93;88425;Saint-Maurice-sur-Mortagne;88;Vosges;44;Grand Est;CR288;;;;;;;;A6700120;A6--0120;;2;Station qualité située sur un cours d'eau;;1991-01-01;;2023-04-04;;LA MORTAGNE À SAINT-MAURICE-SUR-MORTAGNE;0;Nature de la station inconnue;260;;;;347.99
02070500;LE SANON À LAGARDE;;973546;6849593;26;RGF93 / Lambert 93;57375;Lagarde;57;Moselle;44;Grand Est;CR320;;;;;;;;A6810200;A68-0200;;2;Station qualité située sur un cours d'eau;;1991-01-01;;2022-04-04;;LE SANON À LAGARDE;0;Nature de la station inconnue;232;;;;72.68
02080200;LA SEILLE À ASSENONCOURT;;977894;6858929;26;RGF93 / Lambert 93;57035;Assenoncourt;57;Moselle;44;Grand Est;CR332;;;;;;;;A7500100;A7--0100;;2;Station qualité située sur un cours d'eau;Station nommée initialement et par erreur LE RUISSEAU DE ZEBOURG À ASSENONCOURT. Changement de nom le 04/10/2012.;2010-01-01;;2023-09-25;;LA SEILLE À ASSENONCOURT;0;Nature de la station inconnue;215;;;;
02080500;LE RUISSEAU DE L'ÉTANG DE NOLWEIHER À GUERMANGE;;980349;6861615;26;RGF93 / Lambert 93;57272;Guermange;57;Moselle;44;Grand Est;CR355;;;;;;;;A7500650;A7500650;;2;Station qualité située sur un cours d'eau;;2008-01-01;2027-12-31;2023-09-25;;LE RUISSEAU DE L'ÉTANG DE NOLWEIHER À GUERMANGE;0;Nature de la station inconnue;213;;;;
02081000;LA SEILLE À MULCEY;;969466;6861407;26;RGF93 / Lambert 93;57493;Mulcey;57;Moselle;44;Grand Est;CR333;;;;;;;;A7540100;A7--0100;;2;Station qualité située sur un cours d'eau;Station sélectionnée dans le sous-réseau "RCS pesticides 25%";1971-01-01;;2023-03-17;;LA SEILLE À MULCEY;0;Nature de la station inconnue;205;;;;196.37
02081030;LE RUISSEAU DE GUEBLANGE À BLANCHE-EGLISE;;970444;6861083;26;RGF93 / Lambert 93;57090;Blanche-Église;57;Moselle;44;Grand Est;CR356;;;;;;;;A7540300;A7540300;;2;Station qualité située sur un cours d'eau;;2003-01-01;2027-12-31;2023-04-12;;LE RUISSEAU DE GUEBLANGE À BLANCHE-EGLISE;0;Nature de la station inconnue;204;;;;
02081100;LA PETITE SEILLE À HABOUDANGE;;963636;6870318;26;RGF93 / Lambert 93;57281;Haboudange;57;Moselle;44;Grand Est;CR333;;;;;;;;A7610200;A76-0200;;2;Station qualité située sur un cours d'eau;Station sélectionnée dans le sous-réseau "RCS pesticides 25%";1988-01-01;;2023-03-17;Contrôle de surveillance DCE;LA PETITE SEILLE À HABOUDANGE;0;Nature de la station inconnue;213;;;;42.83
02081300;LA PETITE SEILLE À SALONNES;;956814;6860076;26;RGF93 / Lambert 93;57625;Salonnes;57;Moselle;44;Grand Est;CR333;;;;;;;;A7640200;A76-0200;;2;Station qualité située sur un cours d'eau;;1988-01-01;;2023-03-17;;LA PETITE SEILLE À SALONNES;0;Nature de la station inconnue;201;;;;154.45
02081700;LE RUISSEAU D'OSSON À MALAUCOURT-SUR-SEILLE;;946153;6865158;26;RGF93 / Lambert 93;57436;Malaucourt-sur-Seille;57;Moselle;44;Grand Est;CR361;;;;;;;;A7750100;A7--0100;;2;Station qualité située sur un cours d'eau;Station considérée comme représentative de CR361 pour les pollutions diffuses uniquement dans un premier temps, en raison de la proximité du bourg de Malaucourt et des rejets ponctuels possibles.\nAprès examen, on peut également la retenir pour les autres formes de risque (PG, HM), en veillant à positionner les points en amont du pont de la D21a;2007-01-01;;2021-11-17;;LE RUISSEAU D'OSSON À MALAUCOURT-SUR-SEILLE;0;Nature de la station inconnue;214;;;;
02081850;LE RUISSEAU DE SAINT-JEAN À CRAINCOURT;;943576;6870232;26;RGF93 / Lambert 93;57010;Alaincourt-la-Côte;57;Moselle;44;Grand Est;CR362;;;;;;;;A7800300;A7800300;;2;Station qualité située sur un cours d'eau;;2014-01-01;;2021-11-17;;LE RUISSEAU DE SAINT-JEAN À CRAINCOURT;0;Nature de la station inconnue;196;;;;
02082350;LA SEILLE À CHEMINOT;;928813;6875754;26;RGF93 / Lambert 93;57137;Cheminot;57;Moselle;44;Grand Est;CR335;;;;;;;;A7850100;A7--0100;;2;Station qualité située sur un cours d'eau;;1964-01-01;;2023-07-17;;LA SEILLE À CHEMINOT;0;Nature de la station inconnue;180;;;;1042.93
02082845;LE GRAND FOSSE À CUVRY;;931575;6886149;26;RGF93 / Lambert 93;57553;Pournoy-la-Chétive;57;Moselle;44;Grand Est;CR368;;;;;;;;A7870390;A7870390;;2;Station qualité située sur un cours d'eau;;2014-01-01;2027-12-31;2023-04-12;;LE GRAND FOSSE À CUVRY;0;Nature de la station inconnue;0;;;;
02082878;LE SAINT-PIERRE À METZ (MAGNY);;933341;6890370;26;RGF93 / Lambert 93;57463;Metz;57;Moselle;44;Grand Est;CR369;;;;;;;;A7870790;A7870790;;2;Station qualité située sur un cours d'eau;;2014-01-01;2026-12-31;2022-04-04;;LE SAINT-PIERRE À METZ (MAGNY);0;Nature de la station inconnue;180;;;;
02082970;LE RUISSEAU DE VALLIERES À VANTOUX;;935811;6896899;26;RGF93 / Lambert 93;57693;Vantoux;57;Moselle;44;Grand Est;CR371;;;;;;;;A7890300;A7890300;;2;Station qualité située sur un cours d'eau;;1998-01-01;;2022-04-06;;LE RUISSEAU DE VALLIERES À VANTOUX;0;Nature de la station inconnue;179;;;;
02082985;LE RUISSEAU DE SAULNY À SAULNY;;927974;6899287;26;RGF93 / Lambert 93;57634;Saulny;57;Moselle;44;Grand Est;CR372;;;;;;;;A7900300;A7900300;;2;Station qualité située sur un cours d'eau;Attention : Changement de numéro le 09-04-2008 - Correction amont aval - Ancien numéro 02082990.;2008-01-01;2020-12-31;2020-12-10;;LE RUISSEAU DE SAULNY À SAULNY;0;Nature de la station inconnue;195;;;;
02084100;LA FEIGNE À WOIPPY;;930457;6902456;26;RGF93 / Lambert 93;57751;Woippy;57;Moselle;44;Grand Est;CR374;;;;;;;;A7900630;A7900630;;2;Station qualité située sur un cours d'eau;;2008-01-01;;2023-09-25;;LA FEIGNE À WOIPPY;0;Nature de la station inconnue;165;;;;
02084650;LE BILLERON À MAIZIERES-LES-METZ;;930638;6906028;26;RGF93 / Lambert 93;57433;Maizières-lès-Metz;57;Moselle;44;Grand Est;CR377;;;;;;;;A7920470;A7920470;;2;Station qualité située sur un cours d'eau;;2008-01-01;2027-12-31;2023-09-25;;LE BILLERON À MAIZIERES-LES-METZ;0;Nature de la station inconnue;164;;;;
02084800;LA BARCHE À TALANGE;;930836;6909553;26;RGF93 / Lambert 93;57663;Talange;57;Moselle;44;Grand Est;CR378;;;;;;;;A7930470;A7930470;;2;Station qualité située sur un cours d'eau;;2008-01-01;2027-12-31;2023-09-15;;LA BARCHE À TALANGE;0;Nature de la station inconnue;161;;;;
02089000;L'ORNE À ROSSELANGE;;923179;6910359;26;RGF93 / Lambert 93;57597;Rosselange;57;Moselle;44;Grand Est;CR381;;;;;;;;A8430100;A8--0100;;2;Station qualité située sur un cours d'eau;Station sélectionnée dans le sous-réseau "RCS pesticides 25%";1971-01-01;;2023-03-16;;L'ORNE À ROSSELANGE;0;Nature de la station inconnue;167;;;;1243.32
02092600;LE RUISSEAU DE VEYMERANGE À THIONVILLE;;929186;6920545;26;RGF93 / Lambert 93;57672;Thionville;57;Moselle;44;Grand Est;CR401;;;;;;;;A8600300;A8600300;;2;Station qualité située sur un cours d'eau;;2000-01-01;;2021-11-17;;LE RUISSEAU DE VEYMERANGE À THIONVILLE;0;Nature de la station inconnue;156;;;;21.31
02093170;LA BIBICHE À VALMESTROFF;;935987;6922690;26;RGF93 / Lambert 93;57689;Valmestroff;57;Moselle;44;Grand Est;CR400;;;;;;;;A8630200;A86-0200;;2;Station qualité située sur un cours d'eau;;2008-01-01;;2023-04-12;;LA BIBICHE À VALMESTROFF;0;Nature de la station inconnue;161;;;;
02093600;LA CANNER À HOMBOURG-BUDANGE;;943117;6913929;26;RGF93 / Lambert 93;57331;Hombourg-Budange;57;Moselle;44;Grand Est;CR404;;;;;;;;A8710200;A87-0200;;2;Station qualité située sur un cours d'eau;;1997-01-01;;2020-12-07;;LA CANNER À HOMBOURG-BUDANGE;0;Nature de la station inconnue;192;;;;48.88
02094000;LA CANNER À KOENIGSMACKER;;937588;6926276;26;RGF93 / Lambert 93;57370;Kœnigsmacker;57;Moselle;44;Grand Est;CR404;;;;;;;;A8730200;A87-0200;;2;Station qualité située sur un cours d'eau;;1971-01-01;;2023-03-16;;LA CANNER À KOENIGSMACKER;0;Nature de la station inconnue;151;;;;107.99
02094500;LA BOLER À GAVISSE;;938260;6930965;26;RGF93 / Lambert 93;57245;Gavisse;57;Moselle;44;Grand Est;CR405;;;;;;;;A8820200;A88-0200;;2;Station qualité située sur un cours d'eau;;1989-01-01;;2020-12-09;;LA BOLER À GAVISSE;0;Nature de la station inconnue;151;;;;91.72
02094700;LE RUISSEAU D'OUDRENNE À KOENIGSMACKER;;940311;6927139;26;RGF93 / Lambert 93;57370;Kœnigsmacker;57;Moselle;44;Grand Est;CR406;;;;;;;;A8830300;A8830300;;2;Station qualité située sur un cours d'eau;;2006-01-01;;2023-03-16;Contrôle de surveillance DCE;LE RUISSEAU D'OUDRENNE À KOENIGSMACKER;0;Nature de la station inconnue;167;;;;26.84
02094800;LE RUISSEAU D'ALTBACH À BEYREN-LES-SIERCK;;939631;6935129;26;RGF93 / Lambert 93;57076;Beyren-lès-Sierck;57;Moselle;44;Grand Est;CR407;;;;;;;;A8850300;A8850300;;2;Station qualité située sur un cours d'eau;;2007-01-01;;2022-08-03;Bilan internationale;LE RUISSEAU D'ALTBACH À BEYREN-LES-SIERCK;0;Nature de la station inconnue;159;;;;
02094920;LE RUISSEAU D'APACH À APACH;;945602;6934072;26;RGF93 / Lambert 93;57026;Apach;57;Moselle;44;Grand Est;CR409;;;;;;;;A8880300;A8880300;;2;Station qualité située sur un cours d'eau;Station sélectionnée dans le sous-réseau "RCS pesticides 25%"\nAnciennement numérotée 02094960 : LE RUISSEAU DE MANDEREN À APACH\n;1993-01-01;;2023-03-16;;LE RUISSEAU D'APACH À APACH;0;Nature de la station inconnue;173;;;;
02094930;LE RUISSEAU DES QUATRE MOULINS À VOLMERANGE;;923221;6932697;26;RGF93 / Lambert 93;57731;Volmerange-les-Mines;57;Moselle;44;Grand Est;CR717;;;;;;;;A8920300;A8920300;;2;Station qualité située sur un cours d'eau;;2000-01-01;;2023-03-16;;LE RUISSEAU DES QUATRE MOULINS À VOLMERANGE;0;Nature de la station inconnue;303;;;;
02094940;LE KAELBACH À OTTANGE (AVAL);;919349;6931516;26;RGF93 / Lambert 93;57529;Ottange;57;Moselle;44;Grand Est;CR716;;;;;;;;A8910300;A8910300;;2;Station qualité située sur un cours d'eau;;2000-01-01;;2021-11-08;;LE KAELBACH À OTTANGE (AVAL);0;Nature de la station inconnue;303;;;;
02094950;L'ALZETTE À AUDUN-LE-TICHE;;914957;6935816;26;RGF93 / Lambert 93;57038;Audun-le-Tiche;57;Moselle;44;Grand Est;CR715;;;;;;;;A8900200;A89-0200;;2;Station qualité située sur un cours d'eau;Impossibilité pratique de créer un point poisson;1964-01-01;;2023-04-04;;L'ALZETTE À AUDUN-LE-TICHE;0;Nature de la station inconnue;297;;;;21.8
02094973;LA SARRE BLANCHE À TURQUESTEIN-BLANCRUPT (AMONT STORINDAL);;999267;6839344;26;RGF93 / Lambert 93;57682;Turquestein-Blancrupt;57;Moselle;44;Grand Est;CR411;;;;;;;;A9000100;A9--0100;;2;Station qualité située sur un cours d'eau;;2009-01-01;;2023-02-17;;LA SARRE BLANCHE À TURQUESTEIN-BLANCRUPT (AMONT STORINDAL);0;Nature de la station inconnue;316;11.5;;;
02094979;LE RUISSEAU D'ABRESCHVILLER À ABRESCHVILLER;;1004284;6841926;26;RGF93 / Lambert 93;57003;Abreschviller;57;Moselle;44;Grand Est;CR411;;;;;;;;A9010520;A9010520;;2;Station qualité située sur un cours d'eau;;1994-01-01;;2023-09-15;;LE RUISSEAU D'ABRESCHVILLER À ABRESCHVILLER;0;Nature de la station inconnue;333;;;;21.63
02095325;LA BIEVRE À TROISFONTAINES (MELKERHOF);;1001981;6849029;26;RGF93 / Lambert 93;57680;Troisfontaines;57;Moselle;44;Grand Est;CR422;;;;;;;;A9030300;A9030300;;2;Station qualité située sur un cours d'eau;;2014-01-01;2020-12-31;2021-07-13;;LA BIEVRE À TROISFONTAINES (MELKERHOF);0;Nature de la station inconnue;286;;;;
02096480;LE BRUCHBACH À KIRRBERG;;998980;6867369;26;RGF93 / Lambert 93;67241;Kirrberg;67;Bas-Rhin;44;Grand Est;CR427;;;;;;;;A9060210;A90-0210;;2;Station qualité située sur un cours d'eau;;2008-01-01;;2023-09-25;;LE BRUCHBACH À KIRRBERG;0;Nature de la station inconnue;239;;;;
02096500;L'ISCH À WOLFSKIRCHEN;;998720;6871326;26;RGF93 / Lambert 93;67552;Wolfskirchen;67;Bas-Rhin;44;Grand Est;CR420;;;;;;;;A9060210;A90-0210;;2;Station qualité située sur un cours d'eau;;1991-01-01;;2019-11-06;;L'ISCH À WOLFSKIRCHEN;0;Nature de la station inconnue;228;;;;152.9
02096520;L'OTTERBACH À DIEDENDORF;;997160;6871761;26;RGF93 / Lambert 93;67091;Diedendorf;67;Bas-Rhin;44;Grand Est;CR428;;;;;;;;A9070310;A9070310;;2;Station qualité située sur un cours d'eau;Données provisoire;2008-01-01;2021-12-31;2021-05-05;Evaluation;L'OTTERBACH À DIEDENDORF;0;Nature de la station inconnue;225;;;;
02096645;LE NAUBACH À BELLES-FORETS;;987826;6863779;26;RGF93 / Lambert 93;57086;Belles-Forêts;57;Moselle;44;Grand Est;CR430;;;;;;;;A9080300;A9080300;;2;Station qualité située sur un cours d'eau;;2011-01-01;2026-12-31;2023-01-12;;LE NAUBACH À BELLES-FORETS;0;Nature de la station inconnue;243;;;;
02096900;LA SARRE À KESKASTEL;;995578;6881982;26;RGF93 / Lambert 93;67234;Keskastel;67;Bas-Rhin;44;Grand Est;CR413;;;;;;;;A9090100;A9--0100;;2;Station qualité située sur un cours d'eau;;1965-01-01;;2023-04-27;;LA SARRE À KESKASTEL;0;Nature de la station inconnue;213;;;;879.45
02096975;LA MODERBACH À HOLVING;;989919;6886947;26;RGF93 / Lambert 93;57330;Holving;57;Moselle;44;Grand Est;CR434;;;;;;;;A9150210;A91-0210;;2;Station qualité située sur un cours d'eau;;1991-01-01;;2021-05-05;;LA MODERBACH À HOLVING;0;Nature de la station inconnue;217;;;;72.01
02096990;LA RODE À SARRALBE;;992910;6882564;26;RGF93 / Lambert 93;57628;Sarralbe;57;Moselle;44;Grand Est;CR435;;;;;;;;A9180220;A91-0220;;2;Station qualité située sur un cours d'eau;;1997-01-01;;2021-11-18;;LA RODE À SARRALBE;0;Nature de la station inconnue;213;;;;127.07
02097000;L'ALBE À SARRALBE;;993481;6883308;26;RGF93 / Lambert 93;57628;Sarralbe;57;Moselle;44;Grand Est;CR433;;;;;;;;A9190200;A91-0200;;2;Station qualité située sur un cours d'eau;;1971-01-01;;2023-03-17;;L'ALBE À SARRALBE;0;Nature de la station inconnue;212;;;;405.8
02098100;L'EICHEL À FROHMUHL;;1013341;6876058;26;RGF93 / Lambert 93;67148;Frohmuhl;67;Bas-Rhin;44;Grand Est;CR436;;;;;;;;A9210200;A92-0200;;2;Station qualité située sur un cours d'eau;;2002-01-01;2026-12-31;2022-11-21;;L'EICHEL À FROHMUHL;0;Nature de la station inconnue;248;;;;15.94
02098200;L'EICHEL À WALDHAMBACH;;1008109;6876362;26;RGF93 / Lambert 93;67002;Adamswiller;67;Bas-Rhin;44;Grand Est;CR437;;;;;;;;A9210200;A92-0200;;2;Station qualité située sur un cours d'eau;;1997-01-01;;2019-11-06;;L'EICHEL À WALDHAMBACH;0;Nature de la station inconnue;240;;;;56.95
02098800;L'EICHEL À OERMINGEN;;1002076;6885722;26;RGF93 / Lambert 93;67355;Oermingen;67;Bas-Rhin;44;Grand Est;CR438;;;;;;;;A9260200;A92-0200;;2;Station qualité située sur un cours d'eau;;1991-01-01;;2023-06-28;;L'EICHEL À OERMINGEN;0;Nature de la station inconnue;215;;;;276.79
02098980;LE SCHWARZBACH À WIESVILLER;;1003766;6894603;26;RGF93 / Lambert 93;57745;Wiesviller;57;Moselle;44;Grand Est;CR449;;;;;;;;A9300920;A9300920;;2;Station qualité située sur un cours d'eau;;2010-01-01;2027-12-31;2023-09-25;;LE SCHWARZBACH À WIESVILLER;0;Nature de la station inconnue;256;;;;
02099550;LE STEINBACH À REMELFING;;997459;6896080;26;RGF93 / Lambert 93;57568;Rémelfing;57;Moselle;44;Grand Est;CR450;;;;;;;;A9310440;A9310440;;2;Station qualité située sur un cours d'eau;Cours d'eau nommé BURGERBACH dans BDCARTHAGE;2010-01-01;;2023-09-25;;LE STEINBACH À REMELFING;0;Nature de la station inconnue;206;;;;
02099800;LA BLIES À BLIES-GUERSVILLER;;997574;6902048;26;RGF93 / Lambert 93;57093;Blies-Guersviller;57;Moselle;44;Grand Est;CR444;;;;;;;;A9370200;A93-0200;;2;Station qualité située sur un cours d'eau;Station sélectionnée dans le sous-réseau "RCS pesticides 25%"\nImpossibilité pratique de création d'un point poisson;1997-01-01;;2022-01-10;;LA BLIES À BLIES-GUERSVILLER;0;Nature de la station inconnue;198;;;;34
02100100;L'ALTWIESENBACH À SARREGUEMINES (WELFERDING);;995105;6898052;26;RGF93 / Lambert 93;57631;Sarreguemines;57;Moselle;44;Grand Est;CR453;;;;;;;;A9400320;A9400320;;2;Station qualité située sur un cours d'eau;;2010-01-01;;2022-11-23;;L'ALTWIESENBACH À SARREGUEMINES (WELFERDING);0;Nature de la station inconnue;197;;;;
02100603;LA HORN À WALDHOUSE;;1026632;6901998;26;RGF93 / Lambert 93;57738;Waldhouse;57;Moselle;44;Grand Est;CR445;;;;;;;;A9330210;A93-0210;;2;Station qualité située sur un cours d'eau;;2016-01-01;;2023-02-17;;LA HORN À WALDHOUSE;0;Nature de la station inconnue;0;;;;
02100830;LE SCHWALBACH À LOUTZVILLER;;1018202;6902727;26;RGF93 / Lambert 93;57421;Loutzviller;57;Moselle;44;Grand Est;CR446;;;;;;;;A9350220;A93-0220;;2;Station qualité située sur un cours d'eau;Impossibilité pratique de créer un point poisson.;1991-01-01;;2023-03-16;Contrôle de surveillance DCE;LE SCHWALBACH À LOUTZVILLER;0;Nature de la station inconnue;243;;;;
02101050;LA ROSSELLE À MACHEREN;;974571;6897403;26;RGF93 / Lambert 93;57428;Macheren;57;Moselle;44;Grand Est;CR456;;;;;;;;A9500200;A95-0200;;2;Station qualité située sur un cours d'eau;;1991-01-01;;2023-09-25;;LA ROSSELLE À MACHEREN;0;Nature de la station inconnue;220;;;;58.2
02103800;LA ROSSELLE À PETITE-ROSSELLE;;979432;6908069;26;RGF93 / Lambert 93;57537;Petite-Rosselle;57;Moselle;44;Grand Est;CR457;;;;;;;;A9530200;A95-0200;;2;Station qualité située sur un cours d'eau;Impossibilité pratique de créer un point poisson;1964-01-01;;2023-09-25;;LA ROSSELLE À PETITE-ROSSELLE;0;Nature de la station inconnue;192;;;;174.5
02103850;LA BISTEN À CREUTZWALD;;968651;6909168;26;RGF93 / Lambert 93;57160;Creutzwald;57;Moselle;44;Grand Est;CR458;;;;;;;;A9610200;A96-0200;;2;Station qualité située sur un cours d'eau;Impossibilité pratique de créer un point poisson;1971-01-01;;2023-03-17;;LA BISTEN À CREUTZWALD;0;Nature de la station inconnue;203;;;;56.2
02103950;LA NIED ALLEMANDE À PONTPIERRE;;966208;6888193;26;RGF93 / Lambert 93;57549;Pontpierre;57;Moselle;44;Grand Est;CR459;;;;;;;;A9830200;A98-0200;;2;Station qualité située sur un cours d'eau;;1986-01-01;;2020-01-09;;LA NIED ALLEMANDE À PONTPIERRE;0;Nature de la station inconnue;246;;;;170.61
02104000;LA NIED ALLEMANDE À GUINGLANGE;;957706;6891748;26;RGF93 / Lambert 93;57276;Guinglange;57;Moselle;44;Grand Est;CR460;;;;;;;;A9850200;A98-0200;;2;Station qualité située sur un cours d'eau;;1971-01-01;;2019-03-26;;LA NIED ALLEMANDE À GUINGLANGE;0;Nature de la station inconnue;230;;;;278.67
02104400;LA NIED FRANCAISE À BAUDRECOURT;;952460;6878837;26;RGF93 / Lambert 93;57054;Baudrecourt;57;Moselle;44;Grand Est;CR416;;;;;;;;A9700120;A9--0120;;2;Station qualité située sur un cours d'eau;;1986-01-01;;2023-09-25;;LA NIED FRANCAISE À BAUDRECOURT;0;Nature de la station inconnue;226;;;;113.68
02105000;LA NIED FRANCAISE À PONTIGNY;;949537;6899515;26;RGF93 / Lambert 93;57150;Condé-Northen;57;Moselle;44;Grand Est;CR417;;;;;;;;A9750120;A9--0120;;2;Station qualité située sur un cours d'eau;;1971-01-01;;2022-07-27;;LA NIED FRANCAISE À PONTIGNY;0;Nature de la station inconnue;207;;;;500.73
02106430;LE REMEL À NEUNKIRCHEN-LES-BOUZONVILLE;;959207;6921663;26;RGF93 / Lambert 93;57502;Neunkirchen-lès-Bouzonville;57;Moselle;44;Grand Est;CR468;;;;;;;;A9950300;A9950300;;2;Station qualité située sur un cours d'eau;Station sélectionnée dans le sous-réseau "RCS pesticides 25%";2006-01-01;;2023-03-16;Bilan internationale;LE REMEL À NEUNKIRCHEN-LES-BOUZONVILLE;0;Nature de la station inconnue;198;;;;
02106665;LE RUISSEAU DE SAUVILLE À SAUVILLE;;902538;6788170;26;RGF93 / Lambert 93;88448;Sauville;88;Vosges;44;Grand Est;B1R488;;;;;;;;B1030440;B1030440;;2;Station qualité située sur un cours d'eau;;2008-01-01;2027-12-31;2023-09-25;;LE RUISSEAU DE SAUVILLE À SAUVILLE;0;Nature de la station inconnue;333;;;;
02106750;LE MOUZON À VILLARS;;900878;6805338;26;RGF93 / Lambert 93;88104;Circourt-sur-Mouzon;88;Vosges;44;Grand Est;B1R486;;;;;;;;B1090200;B10-0200;;2;Station qualité située sur un cours d'eau;;1973-01-01;;2021-11-16;;LE MOUZON À VILLARS;0;Nature de la station inconnue;291;;;;403.47
02106800;LA SAÔNNELLE À VILLOUXEL;;891613;6807785;26;RGF93 / Lambert 93;88511;Villouxel;88;Vosges;44;Grand Est;B1R490;;;;;;;;B1120200;B11-0200;;2;Station qualité située sur un cours d'eau;;1991-01-01;;2023-03-16;;LA SAÔNNELLE À VILLOUXEL;0;Nature de la station inconnue;300;;;;77.94
02106850;LE VAIR À BELMONT-SUR-VAIR;;915348;6798801;26;RGF93 / Lambert 93;88051;Belmont-sur-Vair;88;Vosges;44;Grand Est;B1R493;;;;;;;;B1220200;B12-0200;;2;Station qualité située sur un cours d'eau;;1991-01-01;;2021-11-16;;LE VAIR À BELMONT-SUR-VAIR;0;Nature de la station inconnue;320;;;;137.26
02106862;LE VAIR À VOUXEY;;910096;6809465;26;RGF93 / Lambert 93;88523;Vouxey;88;Vosges;44;Grand Est;;;;;;;;;B1230200;B12-0200;;2;Station qualité située sur un cours d'eau;Créée sous le nom provisoire STATION REPRÉS. ME B1R493 - VAIR 2 et le numéro NWB1R493;2018-01-01;2027-12-31;2023-09-25;;LE VAIR À VOUXEY;0;Nature de la station inconnue;0;;;;
02106900;LE VAIR À SOULOSSE;;902264;6814853;26;RGF93 / Lambert 93;88460;Soulosse-sous-Saint-Élophe;88;Vosges;44;Grand Est;B1R494;;;;;;;;B1280200;B12-0200;;2;Station qualité située sur un cours d'eau;;1973-01-01;;2021-12-07;;LE VAIR À SOULOSSE;0;Nature de la station inconnue;282;;;;442.56
02107600;L'AROFFE À AROFFE;;914551;6815130;26;RGF93 / Lambert 93;88013;Aroffe;88;Vosges;44;Grand Est;B1R503;;;;;;;;B2010200;B20-0200;;2;Station qualité située sur un cours d'eau;;1997-01-01;;2022-04-05;;L'AROFFE À AROFFE;0;Nature de la station inconnue;352;;;;35.85
06000990;SAONE A BELRUPT ;;930888;6781191;26;RGF93 / Lambert 93;88052;Belrupt;88;Vosges;44;Grand Est;FRDR699b;;;;;;;;U0000000;U---0000;;2;Station qualité située sur un cours d'eau;;1900-01-01;;2022-12-16;;Pont de Belrupt;M;Station de mesure Manuelle;292;;;;
06000998;SAONE A MONTHUREUX-SUR-SAONE 2;;919249;6772736;26;RGF93 / Lambert 93;88310;Monthureux-sur-Saône;88;Vosges;44;Grand Est;DR698;;;;;;;;U0020000;U---0000;;2;Station qualité située sur un cours d'eau;;2007-10-26;;2022-12-16;;Pont de Mont de Savillon;M;Station de mesure Manuelle;241;;;;
06001312;CONEY A URIMENIL 2;;954190;6783295;26;RGF93 / Lambert 93;88481;Uriménil;88;Vosges;44;Grand Est;DR694;;;;;;;;U0100400;U01-0400;;2;Station qualité située sur un cours d'eau;;2022-06-15;;2022-06-15;;Non précisé;M;Station de mesure Manuelle;375;;;;
06001313;CONEY A URIMENIL 3;;953154;6783186;26;RGF93 / Lambert 93;88481;Uriménil;88;Vosges;44;Grand Est;;;;;;;;;;;;2;Station qualité située sur un cours d'eau;;2022-06-15;;2022-06-15;;Non précisé;M;Station de mesure Manuelle;361;;;;
06001314;CONEY A URIMENIL 4;;952554;6783157;26;RGF93 / Lambert 93;88481;Uriménil;88;Vosges;44;Grand Est;DR694;;;;;;;;U0100400;U01-0400;;2;Station qualité située sur un cours d'eau;;2022-06-15;;2022-06-15;;Non précisé;M;Station de mesure Manuelle;355;;;;
06001316;CONEY A URIMENIL 5;;953854;6783063;26;RGF93 / Lambert 93;88481;Uriménil;88;Vosges;44;Grand Est;DR694;;;;;;;;U0100400;U01-0400;;2;Station qualité située sur un cours d'eau;;2022-06-15;;2022-06-15;;Non précisé;M;Station de mesure Manuelle;369;;;;
06091100;RUISSEAU DE CONE A UZEMAIN;;948725;6780194;26;RGF93 / Lambert 93;88484;Uzemain;88;Vosges;44;Grand Est;DR12002;;;;;;;;U0100560;U0100560;;2;Station qualité située sur un cours d'eau;;2012-03-21;;2019-10-29;;Bois du Battant;M;Station de mesure Manuelle;328;;;;
06408800;AUGRONNE A PLOMBIERES-LES-BAINS ;;955399;6765852;26;RGF93 / Lambert 93;88351;Plombières-les-Bains;88;Vosges;44;Grand Est;FRDR687b;;;;;;;;U0440500;U0440500;;2;Station qualité située sur un cours d'eau;;1900-01-01;;2022-12-16;;Pont bordure D 157 - lieu dit La Balance - aval Plombières;M;Station de mesure Manuelle;350;;;;
06455540;SUARCINE A MONTREUX-VIEUX ;;1001541;6730662;26;RGF93 / Lambert 93;68214;Montreux-Jeune;68;Haut-Rhin;44;Grand Est;DR20001;;;;;;;;U2300530;U2300530;;2;Station qualité située sur un cours d'eau;;2009-10-22;;2022-12-16;;Captage près voie ferrée;M;Station de mesure Manuelle;340;;;;
